company,headline
GreenSteel Ltd,GreenSteel fined for illegal effluent discharge near river
GreenSteel Ltd,GreenSteel announces plan to cut emissions with hydrogen furnace
HeavyMetal Corp,HeavyMetal workers protest after fatal accident at plant
HeavyMetal Corp,HeavyMetal faces probe over pollution violations
SolarWave Energy,SolarWave commissions new 500MW solar park
SolarWave Energy,SolarWave wins award for community training programme
FossilOne Petroleum,FossilOne oil spill contaminates coastal waters
FossilOne Petroleum,FossilOne launches green hydrogen pilot and net zero pledge
FossilOne Petroleum,FossilOne sued over misleading climate advertising
CodeNest Software,CodeNest expands diversity hiring and wins workplace award
DataForge Systems,DataForge investigated over data privacy breach
FreshFarm Foods,FreshFarm cuts packaging waste by 20 percent
UrbanWear Retail,UrbanWear accused of poor labour conditions at supplier factories
CityBank Holdings,CityBank issues green bond to fund renewable projects
SafeLife Insurance,SafeLife strengthens board independence and governance reforms
